Workbook

Sheet Overview
A1: Category | B1: Subsystem | C1: Description | D1: Subsystem Cost
A2: Motion | B2: X_Axis | C2: X-axis motion and belt drive components. | D2: =X_Axis!H16 -> 2073.55
A3: Motion | B3: Y_Axis | C3: Y-axis motion components and alternate rail option. | D3: =Y_Axis!H12 -> 2906.32
A4: Motion | B4: Z_Axis | C4: Z-axis linear stage and related components. | D4: =Z_Axis!H6 -> 175
A5: Spindle | B5: Spindle | C5: Spindle/VFD kit and cooling-loop parts. | D5: =Spindle!H5 -> 319.98
A6: Structure | B6: Frame_Structure | C6: Mechanical hardware, tooling, and accessories. | D6: =Frame_Structure!I9 -> 773.61
A7: Controls | B7: Control_Electronics | C7: Controllers, drivers, switches, enclosures (including alternates). | D7: =Control_Electronics!I9 -> 504.65
A8: Power | B8: Power_System | C8: Power supplies, breakers, cords, cooling fans/filters. | D8: =Power_System!I32 -> 2063.28
D10: =SUM(D2:D8) -> 8816.39

Sheet X_Axis
A1: Item ID | B1: Part Name | C1: Qty | D1: Specification | E1: Supplier | F1: Part Number | G1: Unit Cost | H1: Estimated Price (USD)
A3: X-0001 | B3: SBR20 linear rail kit | C3: 2 | D3: 2 rails 1500mm + 4 bearing blocks | E3: Amazon | F3: CNCMANS SBR20-1500mm | G3: 79.05 | H3: =G3*C3 -> 158.1
A4: X-0002 | B4: Gear Rack | C4: 6 | D4: Metal Gear Rack - 20 Degree Pressure Angle with Machined Ends, 1.5 Module, 1000 mm Long | E4: McMaster-Carr | F4: 2485N222 | G4: 122.4 | H4: =G4*C4 -> 734.4
A5: X-0003 | B5: Gear | C5: 2 | D5: Metal Gear - 20 Degree Pressure Angle, Round with Set Screw, 1.5 Module, 20 Teeth | E5: McMaster-Carr | F5: 2664N379 | G5: 18.17 | H5: =G5*C5 -> 36.34
A6: X-0004 | B6: Timing pulley 20T | C6: 2 | D6: HTD 5M, 14mm bore, for 15mm belt | E6: Amazon | F6: Saelno 20-5M-15-14 | G6: 9.99 | H6: =G6*C6 -> 19.98
A7: X-0005 | B7: Timing pulley 60T | C7: 2 | D7: HTD 5M, 14mm bore, for 15mm belt | E7: Amazon | F7: Xuulan 60T 14mm bore | G7: 34.14 | H7: =G7*C7 -> 68.28
B8: Needle-Roller Bearings | C8: 4 | D8: 20mm OD 14mm ID 12mm wide | E8: McMaster-Carr | F8: 5905K75 | G8: 6.24 | H8: =G8*C8 -> 24.96
A9: X-0006 | B9: Idler pulley (smooth) | C9: 2 | D9: 5M idler, bore 8mm, width 16mm, with bearing | E9: Amazon | F9: Pnloog smooth idler 8mm/16mm | G9: 17.78 | H9: =G9*C9 -> 35.56
A10: X-0007 | B10: SBR20 shaft collar/rail stop | C10: 4 | D10: 20mm bore, 40mm OD, 12mm thick, clamp-on | E10: Amazon | F10: AOWEITAL 20mm collar | G10: 15.99 | H10: =G10*C10 -> 63.96
A11: X-0008 | B11: Drag chain | C11: 3 | D11: 7x7mm inner, 1m with end connectors | E11: Amazon | F11: LMioEtool R18 7x7 1m | G11: 9.99 | H11: =G11*C11 -> 29.97
A12: X-0009 | B12: Stepper motor, NEMA 34 | C12: 2 | D12: 6A 12Nm, 156mm length | E12: Amazon | F12: HobbyUnlimited NEMA 34 6A 12Nm | G12: 70 | H12: =G12*C12 -> 140
A13: X-0010 | B13: Belt | C13: 2 | D13: 15mm Drive Belt | E13: Amazon | G13: 10 | H13: =G13*C13 -> 20
A14: X-0011 | B14: Custom 3D Printing | C14: 2 | D14: X Drive Bracket | G14: 371 | H14: =G14*C14 -> 742
H16: =SUM(H3:H14) -> 2073.55

Sheet Y_Axis
A1: Item ID | B1: Part Name | C1: Qty | D1: Specification | E1: Supplier | F1: Part Number | G1: Unit Cost | H1: Estimated Price (USD)
A3: Y-0001 | B3: SBR20 linear rail kit (option) | C3: 1 | D3: 2 rails 1500mm + 4 bearing blocks | E3: Amazon | F3: CNCMANS SBR20-1500mm | G3: 79.05 | H3: =C3*G3 -> 79.05
B4: Coupling | C4: 1 | D4: Plum Coupling Flex Shaft | E4: Amazon | F4: WELDRIC | G4: 30.54 | H4: =C4*G4 -> 30.54
A5: Y-0003 | B5: Ballscrew kit SFU1605 | C5: 1 | D5: 16mm 1500mm with BK/BF12 supports, nut housing, coupler, end machining | E5: Amazon | F5: CHUANGNENG SFU1605 1500mm | G5: 93.59 | H5: =C5*G5 -> 93.59
A6: Y-0004 | B6: Drag chain | C6: 1 | D6: 7x7mm inner, 1m with end connectors | E6: Amazon | F6: LMioEtool R18 7x7 1m | G6: 9.99 | H6: =C6*G6 -> 9.99
A7: Y-0005 | B7: Stepper motor, NEMA 34 | C7: 1 | D7: 6A 12Nm, 156mm length | E7: Amazon | F7: HobbyUnlimited NEMA 34 6A 12Nm | G7: 70 | H7: =C7*G7 -> 70
A8: Y-0006 | B8: Crosshead | C8: 1 | D8: 10" X 2.88" X .526" web 6061-T6 Aluminum Channel (AS) | E8: Metals Depot | G8: 761.86 | H8: =C8*G8 -> 761.86
A9: Y-0006 | B9: Custom CNC Machining | C9: 1 | G9: 1771.29 | H9: =C9*G9 -> 1771.29
A10: Y-0006 | B10: Custom 3D Printing | C10: 1 | D10: Y Axis Drive Bracket | G10: 90 | H10: =C10*G10 -> 90
H12: =SUM(H3:H10) -> 2906.32

Sheet Z_Axis
A1: Item ID | B1: Part Name | C1: Qty | D1: Specification | E1: Supplier | F1: Part Number | G1: Unit Cost | H1: Estimated Price (USD)
A3: Z-0001 | B3: Linear stage assembly | C3: 1 | D3: ZBX100 200mm stroke, SBR16 rails + SFU1605 ballscrew | E3: Amazon | F3: RATTMMOTOR ZBX100-200 | G3: 105 | H3: =G3*C3 -> 105
A4: Z-0002 | B4: Stepper motor, NEMA 34 | C4: 1 | D4: 6A 12Nm, 156mm length | E4: Amazon | F4: HobbyUnlimited NEMA 34 6A 12Nm | G4: 70 | H4: =G4*C4 -> 70
H6: =SUM(H3:H4) -> 175

Sheet Spindle
A1: Item ID | B1: Component | C1: Qty | D1: Specification | E1: Supplier | F1: Part Number | G1: Unit Cost | H1: Estimated Price (USD)
A3: S-0001 | B3: Spindle + VFD kit | C3: 1 | D3: 220V 2.2kW VFD + 2.2kW 80mm water-cooled spindle + 75W pump + clamp + 5m hose | E3: Amazon | F3: HY HUANYANG kit | G3: 319.98 | H3: =C3*G3 -> 319.98
H5: =H3 -> 319.98

Sheet Frame_Structure
A1: Item ID | B1: Part Name | C1: Qty | D1: Material | E1: Specification | F1: Supplier | G1: Part Number | H1: Unit Cost | I1: Estimated Price (USD)
A3: Table Top/Bottom | B3: Birch Plywood | C3: 5 | E3: 4x8x.453" | F3: Home Depot | G3: 100020218 | H3: 69.58 | I3: =C3*H3 -> 347.9
A4: Spoil Board | B4: Particle Board | C4: 1 | E4: 4x8x.75" | F4: Home Depot | G4: 311376892 | H4: 29.37 | I4: =C4*H4 -> 29.37
A5: Fixture Board | B5: Particle Board | C5: 2 | E5: 4x8x.75" | F5: Home Depot | G5: 311376892 | H5: 29.37 | I5: =C5*H5 -> 58.74
B6: Laminate Sheet | C6: 2 | E6: 4x8x.35" | F6: Home Depot | G6: 202913292 | H6: 68.8 | I6: =C6*H6 -> 137.6
A7: Lumber | B7: Poplar | C7: 50 | E7: board feet | F7: Advantage Lumber | H7: 4 | I7: =C7*H7 -> 200
I9: =SUM(I3:I7) -> 773.61

Sheet Control_Electronics
A1: Item ID | B1: Component | C1: Qty | D1: Voltage | E1: Specification | F1: Supplier | G1: Part Number | H1: Unit Cost | I1: Estimated Price (USD)
A3: C-0001 | B3: CNCTOPBAOS DDCSV4.1 offline controller | C3: 1 | D3: 24VDC (typ) | E3: 4-axis 500kHz offline controller + MPG | F3: Amazon | G3: CNCTOPBAOS DDCSV4.1 | H3: 342 | I3: =C3*H3 -> 342
A4: C-0002 | B4: RATTMMOTOR DMA860S stepper driver | C4: 4 | D4: 20–80VDC | E4: Max 8.2A, 128 subdivision | F4: Amazon | G4: RATTMMOTOR DMA860S | H4: 29.95 | I4: =C4*H4 -> 119.8
A5: C-0003 | B5: Emergency stop switch (22mm) | C5: 1 | D5: N/A | E5: Red mushroom E-stop, twist release, 10A 660V rating | F5: Amazon | G5: mxuteuk HB2-BS544 | H5: 9.99 | I5: =C5*H5 -> 9.99
A6: C-0004 | B6: Limit switch, lever | C6: 1 | D6: N/A | E6: SPDT 20A/250VAC micro limit switch Z15G1307 | F6: Amazon | G6: Be In Your Mind Z15G1307 | H6: 9.88 | I6: =C6*H6 -> 9.88
A7: C-0005 | B7: Limit switch, roller lever (IP67) | C7: 2 | D7: N/A | E7: SPDT 3-pin pre-wired waterproof microswitch | F7: Amazon | G7: Joinfworld IP67 | H7: 11.49 | I7: =C7*H7 -> 22.98
I9: =SUM(I3:I7) -> 504.65

Sheet Power_System
A1: Item ID | B1: Component | C1: Qty | D1: Voltage/Current | E1: Specification | F1: Supplier | G1: Part Number | H1: Unit Cost | I1: Estimated Price (USD)
A3: P-0001 | B3: Control enclosure cabinet | C3: 1 | D3: N/A | E3: Lockable steel enclosure 60x80x25cm with plate | F3: Amazon | G3: SXKLYRF 60x80x25cm | H3: 405.2 | I3: =C3*H3 -> 405.2
A4: P-0002 | B4: Stepper PSU | C4: 1 | D4: 68VDC 22A | E4: SE-1500-68 adjustable switching PSU, 1500W | F4: Amazon | G4: HOHNGPOE SE-1500-68 | H4: 357.91 | I4: =C4*H4 -> 357.91
A5: P-0003 | B5: 24V DIN PSU (Mean Well) | C5: 1 | D5: 24VDC 10A | E5: Mean Well NDR-240-24, 240W | F5: Amazon | G5: Mean Well NDR-240-24 | H5: 89 | I5: =C5*H5 -> 89
A6: P-0004 | B6: 24V DIN PSU (alternate/spare) | C6: 1 | D6: 24VDC 5A | E6: NDR 120W dual output switching PSU | F6: Amazon | G6: LCLCTC 24V 5A | H6: 35 | I6: =C6*H6 -> 35
A7: P-0005 | B7: DIN rail breaker | C7: 1 | D7: 2-pole 6A | E7: Non-polarized AC/DC breaker, thermal magnetic | F7: Amazon | G7: DIHOOL 6A | H7: 13.99 | I7: =C7*H7 -> 13.99
A8: P-0006 | B8: DIN rail breaker | C8: 1 | D8: 2-pole 15A | E8: Non-polarized AC/DC breaker, thermal magnetic | F8: Amazon | G8: DIHOOL 15A | H8: 13.99 | I8: =C8*H8 -> 13.99
A9: P-0007 | B9: DIN rail breaker | C9: 1 | D9: 2-pole 30A | E9: Non-polarized AC/DC breaker, thermal magnetic | F9: Amazon | G9: DIHOOL 30A | H9: 13.99 | I9: =C9*H9 -> 13.99
A10: P-0008 | B10: Dryer extension cord | C10: 1 | D10: 30A 125/250V | E10: NEMA 10-30P to 10-30R, 25ft, 10 gauge | F10: Amazon | G10: Nilight 25FT 10-30 | H10: 50.77 | I10: =C10*H10 -> 50.77
A11: P-0009 | B11: AC enclosure fan | C11: 2 | D11: 220–240VAC 0.14A | E11: 120x120x38mm dual ball bearing fan | F11: Amazon | G11: uxcell DP200A | H11: 17.99 | I11: =C11*H11 -> 35.98
A12: P-0010 | B12: Fan filter grills + screws | C12: 1 | D12: 120mm | E12: Ultra fine aluminum mesh grills, 4 pack | F12: Amazon | G12: IMSurQltyPrise 4 pack | H12: 14.99 | I12: =C12*H12 -> 14.99
A13: P-0011 | B13: Fan dust filter covers | C13: 1 | D13: 120mm | E13: PC fan dust filter covers, 2 pack | F13: Amazon | G13: Wathai 2 pack | H13: 8.99 | I13: =C13*H13 -> 8.99
A14: W-0001 | B14: VFD to Spindle Cable | C14: 25 | E14: Southwire VFD cable, shielded, 4 conductors (includes ground), 14 AWG, tinned copper, XLPE conductor insulation material, black with white numbers and green/yellow ground, TPE jacket, black, cut to length. | F14: AutomationDirect | G14: VFDC-14-4B-1_x000D_ | H14: 3.6 | I14: =C14*H14 -> 90
A15: W-0002 | B15: Stepper Motor Cables | C15: 80 | E15: LUTZE MOTIONFLEX continuous flexing VFD cable, shielded, 4 conductors (includes ground), 14 AWG, 104-stranded, tinned copper, XLPE conductor insulation material, XHHW-2 jacket, black, cut to length. | F15: AutomationDirect | G15: A4061404-1_x000D_ | H15: 5.94 | I15: =C15*H15 -> 475.2
A16: W-0003 | B16: Step / Direction / Enable Signal Cable | C16: 40 | E16: Quabbin Datamax continuous flexing PROFINET cable, shielded, PLTC, ITC and AWM, 2 twisted pairs, 22 AWG, tinned copper, HDPE conductor insulation material, white, blue, yellow and orange, TPE jacket, green, cut to length. | F16: AutomationDirect | G16: Q5924-1_x000D_ | H16: 1.58 | I16: =C16*H16 -> 63.2
A17: W-0004 | B17: Limit, Home, and Analog Control Cable | C17: 60 | E17: LUTZE PROFIBUS cable, shielded, 1 twisted pair, 22 AWG, solid, bare copper, special polyolefin conductor insulation material, PVC jacket, purple, cut to length. | F17: AutomationDirect | G17: A104293-1_x000D_ | H17: 1.61 | I17: =C17*H17 -> 96.6
A18: W-0005 | B18: 10 AWG Stranded Copper (THHN/THWN-2) | C18: 1 | E18: Red | F18: Lowes | G18: 25 feet | H18: 23.46 | I18: =C18*H18 -> 23.46
A19: W-0006 | B19: 10 AWG Stranded Copper (THHN/THWN-2) | C19: 1 | E19: Black | F19: Lowes | G19: 25 feet | H19: 23.46 | I19: =C19*H19 -> 23.46
A20: W-0007 | B20: 10 AWG Stranded Copper (THHN/THWN-2) | C20: 1 | E20: Green | F20: Lowes | G20: 25 feet | H20: 23.46 | I20: =C20*H20 -> 23.46
A21: W-0008 | B21: 12 AWG Stranded Copper (THHN/THWN-2) | C21: 1 | E21: Red | F21: Lowes | G21: 25 feet | H21: 22.22 | I21: =C21*H21 -> 22.22
A22: W-0009 | B22: 12 AWG Stranded Copper (THHN/THWN-2) | C22: 1 | E22: Black | F22: Lowes | G22: 25 feet | H22: 22.22 | I22: =C22*H22 -> 22.22
A23: W-0010 | B23: 12 AWG Stranded Copper (THHN/THWN-2) | C23: 1 | E23: Green | F23: Lowes | G23: 25 feet | H23: 22.22 | I23: =C23*H23 -> 22.22
A24: W-0011 | B24: 14 AWG Stranded Copper (THHN/THWN-2) | C24: 1 | E24: Red | F24: Lowes | G24: 50 feet | H24: 30.31 | I24: =C24*H24 -> 30.31
A25: W-0012 | B25: 14 AWG Stranded Copper (THHN/THWN-2) | C25: 1 | E25: Black | F25: Lowes | G25: 50 feet | H25: 30.31 | I25: =C25*H25 -> 30.31
... A28: W-0015 | B28: 16 AWG Stranded Copper (THHN/THWN-2) | C28: 1 | E28: Black | F28: Lowes | G28: 25 feet | H28: 6.77 | I28: =C28*H28 -> 6.77
A29: W-0016 | B29: 18 AWG Stranded Copper (Primary Wire) | C29: 2 | D29: 24VDC | E29: Red | F29: Lowes | G29: 33 feet | H29: 14.24 | I29: =C29*H29 -> 28.48
A30: W-0017 | B30: 18 AWG Stranded Copper (Primary Wire) | C30: 2 | D30: 24VDC | E30: Black | F30: Lowes | G30: 33 feet | H30: 14.24 | I30: =C30*H30 -> 28.48
I32: =SUM(I3:I30) -> 2063.28
